Server ID,Sponsor,Server Name,Timestamp,Distance,Ping,Download,Upload,Share,IP Address
8223,Webshare.cz,Prague,2018-03-20T22:01:13.591935Z,3.5675402088293633,14.87,4800921.026024322,1977747.8756784056,,94.230.157.82
1841,Vodafone CZ,Prague,2018-03-21T06:21:54.953389Z,3.5675402088293633,17.019,7195489.123915585,9879174.700540263,,94.230.157.82
8223,Webshare.cz,Prague,2018-03-21T17:28:51.062323Z,3.5675402088293633,12.929,9351216.013195349,0.0,,94.230.157.82
1841,Vodafone CZ,Prague,2018-03-21T18:56:03.675901Z,3.5675402088293633,23.923,8565300.19695013,9789034.453561379,,94.230.157.82
8223,Webshare.cz,Prague,2018-03-21T19:44:47.316598Z,3.5675402088293633,13.784,4919790.549704121,765984.2452850492,,94.230.157.82
4162,ISP Alliance a.s.,Prague,2018-03-21T20:38:36.690211Z,3.5675402088293633,30.619,7485307.699537871,7791148.019521864,,94.230.157.82
11290,HBO Europe s.r.o.,Prague,2018-03-21T20:48:03.005956Z,3.5675402088293633,27.842,8619336.68703123,6819261.193384226,,94.230.157.82
10053,NewLink,Prague,2018-03-21T20:50:02.837445Z,3.5675402088293633,16.012,4846421.266364047,4705132.847633739,,94.230.157.82
4162,ISP Alliance a.s.,Prague,2018-03-21T21:05:03.624177Z,3.5675402088293633,19.463,6749315.995271801,4277975.0233847685,,94.230.157.82
4162,ISP Alliance a.s.,Prague,2018-03-21T22:05:02.690708Z,3.5675402088293633,23.183,5795511.278219855,7010925.868496854,,94.230.157.82
4162,ISP Alliance a.s.,Prague,2018-03-21T23:05:02.578063Z,3.5675402088293633,18.836,6126411.9786594715,9484215.452078689,,94.230.157.82
4162,ISP Alliance a.s.,Prague,2018-03-22T00:05:03.139546Z,3.5675402088293633,14.979,8416695.208153795,10058511.81009778,,94.230.157.82
4162,ISP Alliance a.s.,Prague,2018-03-22T01:05:02.732740Z,3.5675402088293633,21.359,5482801.183697344,10184462.194466,,94.230.157.82
1841,Vodafone CZ,Prague,2018-03-22T02:05:03.080191Z,3.5675402088293633,20.119,4389960.341568163,10098161.368106373,,94.230.157.82
11290,HBO Europe s.r.o.,Prague,2018-03-22T03:05:02.351745Z,3.5675402088293633,13.127,3216145.4382739775,8953238.334147431,,94.230.157.82
10053,NewLink,Prague,2018-03-22T04:05:02.663125Z,3.5675402088293633,11.362,5841404.592643907,10083090.484091466,,94.230.157.82
4162,ISP Alliance a.s.,Prague,2018-03-22T05:05:03.118240Z,3.5675402088293633,12.044,12769706.032137407,10173247.0818321,,94.230.157.82
4162,ISP Alliance a.s.,Prague,2018-03-22T06:05:02.816199Z,3.5675402088293633,11.559,10351885.581650535,10163101.133576043,,94.230.157.82
4162,ISP Alliance a.s.,Prague,2018-03-22T07:05:03.250485Z,3.5675402088293633,15.601,11071316.4258131,9982320.461880317,,94.230.157.82
4162,ISP Alliance a.s.,Prague,2018-03-22T08:05:02.658779Z,3.5675402088293633,74.061,13777714.238197355,9864152.844736475,,94.230.157.82
4162,ISP Alliance a.s.,Prague,2018-03-22T09:05:02.087468Z,3.5675402088293633,17.195,11846674.424176913,10044041.767145855,,94.230.157.82
4162,ISP Alliance a.s.,Prague,2018-03-22T10:05:02.668559Z,3.5675402088293633,15.146,13995263.134932652,9714329.69858119,,94.230.157.82
4162,ISP Alliance a.s.,Prague,2018-03-22T11:05:02.586058Z,3.5675402088293633,18.434,10033802.193997592,9260246.789070508,,94.230.157.82
1841,Vodafone CZ,Prague,2018-03-22T12:05:02.285037Z,3.5675402088293633,13.484,12077182.449523143,10046216.132251535,,94.230.157.82
4162,ISP Alliance a.s.,Prague,2018-03-22T13:05:01.982470Z,3.5675402088293633,11.116,8695046.223032592,10087453.035755692,,94.230.157.82
4424,Nej TV a.s.,Prague,2018-03-22T14:05:02.326742Z,3.5675402088293633,14.785,6037357.853067934,10134270.327153211,,94.230.157.82
9788,JM-Net z.s.,Prague,2018-03-22T15:05:02.251035Z,3.5675402088293633,14.229,10428663.07119498,10130099.245904578,,94.230.157.82
9788,JM-Net z.s.,Prague,2018-03-22T16:05:02.595075Z,3.5675402088293633,16.867,8701190.800080936,10148250.893764013,,94.230.157.82
9788,JM-Net z.s.,Prague,2018-03-22T17:05:03.575811Z,3.5675402088293633,14.062,13961407.573927132,10064562.82123403,,94.230.157.82
4424,Nej TV a.s.,Prague,2018-03-22T18:05:02.567287Z,3.5675402088293633,53.933,12568347.332949955,10191398.581169698,,94.230.157.82
4424,Nej TV a.s.,Prague,2018-03-22T19:05:02.525289Z,3.5675402088293633,13.901,11774774.681425354,9987168.173647359,,94.230.157.82
4162,ISP Alliance a.s.,Prague,2018-03-22T20:05:02.796516Z,3.5675402088293633,20.632,12924234.91943374,7793394.776224373,,94.230.157.82
4162,ISP Alliance a.s.,Prague,2018-03-22T21:05:02.868756Z,3.5675402088293633,15.945,12566805.19546361,8995595.085306872,,94.230.157.82
4424,Nej TV a.s.,Prague,2018-03-22T22:05:04.135956Z,3.5675402088293633,12.128,9669883.777179848,9897103.071628336,,94.230.157.82
1841,Vodafone CZ,Prague,2018-03-22T23:05:03.247393Z,3.5675402088293633,16.196,8615567.74755874,9856677.62622995,,94.230.157.82
4424,Nej TV a.s.,Prague,2018-03-23T00:05:02.795234Z,3.5675402088293633,19.503,2241494.435893702,6172975.454951732,,94.230.157.82
4424,Nej TV a.s.,Prague,2018-03-23T01:05:04.034040Z,3.5675402088293633,13.494,6680069.306026576,9042906.374087708,,94.230.157.82
4424,Nej TV a.s.,Prague,2018-03-23T02:05:04.416938Z,3.5675402088293633,15.208,10675319.472946148,10093873.630412575,,94.230.157.82
1841,Vodafone CZ,Prague,2018-03-23T03:05:03.035587Z,3.5675402088293633,18.626,13162969.632611616,10011841.215509797,,94.230.157.82
4162,ISP Alliance a.s.,Prague,2018-03-23T04:05:03.027831Z,3.5675402088293633,14.418,9736547.172886604,10052806.218394812,,94.230.157.82
4162,ISP Alliance a.s.,Prague,2018-03-23T05:05:03.051730Z,3.5675402088293633,15.993,7444428.666230281,7333076.053738447,,94.230.157.82
4162,ISP Alliance a.s.,Prague,2018-03-23T06:05:03.255525Z,3.5675402088293633,13.931,12241494.723118935,10166524.51542292,,94.230.157.82
4162,ISP Alliance a.s.,Prague,2018-03-23T07:05:02.498473Z,3.5675402088293633,12.891,10179156.825376166,9788975.853427716,,94.230.157.82
9788,JM-Net z.s.,Prague,2018-03-23T08:05:02.503854Z,3.5675402088293633,11.693,12546424.552854067,10147565.219715323,,94.230.157.82
4162,ISP Alliance a.s.,Prague,2018-03-23T09:05:02.518435Z,3.5675402088293633,14.929,12841567.21226193,10156611.702609083,,94.230.157.82
4162,ISP Alliance a.s.,Prague,2018-03-23T10:05:03.824937Z,3.5675402088293633,13.963,10484710.679144384,10019740.815970141,,94.230.157.82
1841,Vodafone CZ,Prague,2018-03-23T11:05:02.567030Z,3.5675402088293633,15.789,10659308.784163257,9996670.37003519,,94.230.157.82
1841,Vodafone CZ,Prague,2018-03-23T12:05:02.769735Z,3.5675402088293633,15.512,10967941.025237324,8583243.435816303,,94.230.157.82
11290,HBO Europe s.r.o.,Prague,2018-03-23T13:05:02.743744Z,3.5675402088293633,14.373,13301493.342112122,10168487.122949228,,94.230.157.82
4162,ISP Alliance a.s.,Prague,2018-03-23T14:05:02.162838Z,3.5675402088293633,13.233,11890276.57939869,10160961.506845066,,94.230.157.82
4162,ISP Alliance a.s.,Prague,2018-03-23T15:05:01.916000Z,3.5675402088293633,12.691,11282359.515841102,10030086.68637029,,94.230.157.82
4162,ISP Alliance a.s.,Prague,2018-03-23T16:05:02.962478Z,3.5675402088293633,17.015,13390794.741912888,10145525.62791493,,94.230.157.82
4162,ISP Alliance a.s.,Prague,2018-03-23T17:05:02.271333Z,3.5675402088293633,25.966,11626980.159416666,10131875.927867822,,94.230.157.82
11290,HBO Europe s.r.o.,Prague,2018-03-23T18:05:03.484750Z,3.5675402088293633,47.539,5151165.632289592,9354713.882670457,,94.230.157.82
4162,ISP Alliance a.s.,Prague,2018-03-23T19:05:03.317687Z,3.5675402088293633,18.271,10516963.470225519,5421400.566805712,,94.230.157.82
4162,ISP Alliance a.s.,Prague,2018-03-23T20:05:03.207514Z,3.5675402088293633,19.129,13180372.415589279,10141867.445616245,,94.230.157.82
4162,ISP Alliance a.s.,Prague,2018-03-23T21:05:02.563834Z,3.5675402088293633,26.222,5350576.021608933,6985883.098593047,,94.230.157.82
4162,ISP Alliance a.s.,Prague,2018-03-23T22:05:02.484532Z,3.5675402088293633,18.48,10504243.791893646,10001720.377628295,,94.230.157.82
4162,ISP Alliance a.s.,Prague,2018-03-23T23:05:02.636086Z,3.5675402088293633,14.223,9571727.277857091,10092443.409872282,,94.230.157.82
4162,ISP Alliance a.s.,Prague,2018-03-24T00:05:02.522123Z,3.5675402088293633,14.488,11585465.373021478,9987640.96774104,,94.230.157.82
1841,Vodafone CZ,Prague,2018-03-24T01:05:03.149532Z,3.5675402088293633,17.594,11730310.259712497,9534539.530588895,,94.230.157.82
4162,ISP Alliance a.s.,Prague,2018-03-24T02:05:02.513422Z,3.5675402088293633,17.235,12609581.796089731,7536319.721027677,,94.230.157.82
4162,ISP Alliance a.s.,Prague,2018-03-24T03:05:02.692971Z,3.5675402088293633,11.778,11717597.332068378,10205229.72805759,,94.230.157.82
4162,ISP Alliance a.s.,Prague,2018-03-24T04:05:02.600531Z,3.5675402088293633,11.662,13603451.03459951,10076570.848462502,,94.230.157.82
9788,JM-Net z.s.,Prague,2018-03-24T05:05:02.722436Z,3.5675402088293633,18.274,13343330.508388914,10145549.24097571,,94.230.157.82
4162,ISP Alliance a.s.,Prague,2018-03-24T06:05:02.813075Z,3.5675402088293633,19.073,13314696.094667755,10023395.677642217,,94.230.157.82
9788,JM-Net z.s.,Prague,2018-03-24T07:05:02.732525Z,3.5675402088293633,17.414,9625123.01452521,7590416.30448155,,94.230.157.82
4162,ISP Alliance a.s.,Prague,2018-03-24T08:05:02.361650Z,3.5675402088293633,12.306,12664039.69157056,10212300.571039213,,94.230.157.82
9788,JM-Net z.s.,Prague,2018-03-24T09:05:02.268241Z,3.5675402088293633,12.795,12567311.19309203,7545787.600043432,,94.230.157.82
1841,Vodafone CZ,Prague,2018-03-24T10:05:02.060197Z,3.5675402088293633,14.262,12054431.511755094,10016773.343475847,,94.230.157.82
1841,Vodafone CZ,Prague,2018-03-24T11:05:02.455550Z,3.5675402088293633,15.983,11072972.131475685,10063928.887252146,,94.230.157.82
4162,ISP Alliance a.s.,Prague,2018-03-24T12:05:01.953313Z,3.5675402088293633,11.681,12785076.210324567,10121769.75768114,,94.230.157.82
4162,ISP Alliance a.s.,Prague,2018-03-24T13:05:02.295132Z,3.5675402088293633,12.566,9835462.557844302,10062909.834250856,,94.230.157.82
4162,ISP Alliance a.s.,Prague,2018-03-24T14:05:02.657567Z,3.5675402088293633,14.519,9965070.679579869,10163590.34680495,,94.230.157.82
4162,ISP Alliance a.s.,Prague,2018-03-24T15:05:02.618689Z,3.5675402088293633,19.979,9620726.754112726,9621469.890805539,,94.230.157.82
8068,Elektro Solution s.r.o.,Prague,2018-03-24T16:05:02.492151Z,3.5675402088293633,28.849,8920595.474908506,9306957.978529757,,94.230.157.82
8497,CMIS.cz,Prague,2018-03-24T17:05:03.202723Z,3.5675402088293633,22.76,1009034.2023908626,1240234.0064136311,,94.230.157.82
4162,ISP Alliance a.s.,Prague,2018-03-24T18:05:08.886224Z,3.5675402088293633,18.136,6448004.0620499505,7363753.087917229,,94.230.157.82
4162,ISP Alliance a.s.,Prague,2018-03-24T19:05:02.477938Z,3.5675402088293633,12.657,9432619.857173724,7280786.850613981,,94.230.157.82
4162,ISP Alliance a.s.,Prague,2018-03-24T20:05:03.082687Z,3.5675402088293633,43.704,8932462.769426437,7778481.664186239,,94.230.157.82
1841,Vodafone CZ,Prague,2018-03-24T21:05:03.099235Z,3.5675402088293633,26.073,2349504.087692815,6153686.096100499,,94.230.157.82
4162,ISP Alliance a.s.,Prague,2018-03-24T22:05:02.700851Z,3.5675402088293633,28.071,9705127.821810976,7415655.485969117,,94.230.157.82
4162,ISP Alliance a.s.,Prague,2018-03-24T23:05:07.494151Z,3.5675402088293633,11.54,10654854.263637053,7108631.014155806,,94.230.157.82
8068,Elektro Solution s.r.o.,Prague,2018-03-25T00:05:02.558951Z,3.5675402088293633,18.474,11445122.106064733,10128550.591725307,,94.230.157.82
4162,ISP Alliance a.s.,Prague,2018-03-25T01:05:02.076435Z,3.5675402088293633,14.509,10777693.71594368,10027335.131896378,,94.230.157.82
4162,ISP Alliance a.s.,Prague,2018-03-25T02:05:02.749044Z,3.5675402088293633,16.066,11534206.936288314,10182728.20109811,,94.230.157.82
8068,Elektro Solution s.r.o.,Prague,2018-03-25T03:05:02.539703Z,3.5675402088293633,11.958,12690914.7734162,10145020.902600594,,94.230.157.82
4162,ISP Alliance a.s.,Prague,2018-03-25T04:05:02.568625Z,3.5675402088293633,12.348,11950254.770524722,9889012.081140775,,94.230.157.82
8497,CMIS.cz,Prague,2018-03-25T05:05:02.037562Z,3.5675402088293633,24.006,10745166.728202604,10148146.095758885,,94.230.157.82
8068,Elektro Solution s.r.o.,Prague,2018-03-25T06:05:02.525977Z,3.5675402088293633,12.129,6157511.250479877,9218628.3828004,,94.230.157.82
8068,Elektro Solution s.r.o.,Prague,2018-03-25T07:05:03.285649Z,3.5675402088293633,12.159,4586388.442854878,7804790.8420606395,,94.230.157.82
4162,ISP Alliance a.s.,Prague,2018-03-25T08:05:02.061384Z,3.5675402088293633,16.648,7052099.500212612,9074812.761626776,,94.230.157.82
4162,ISP Alliance a.s.,Prague,2018-03-25T09:05:03.013498Z,3.5675402088293633,12.511,6550357.192026969,9571291.376500728,,94.230.157.82
1841,Vodafone CZ,Prague,2018-03-25T10:05:02.559249Z,3.5675402088293633,23.198,10622791.195382329,8753876.220308775,,94.230.157.82
4424,Nej TV a.s.,Prague,2018-03-25T11:05:03.072104Z,3.5675402088293633,14.856,10069864.859102646,10148847.632931432,,94.230.157.82
11181,"NFX, z.s.p.o.",Prague,2018-03-25T12:05:02.154408Z,3.5675402088293633,31.7,1452072.3924479675,5570253.637222232,,94.230.157.82
4424,Nej TV a.s.,Prague,2018-03-25T13:05:02.533760Z,3.5675402088293633,18.418,9411900.505585484,7475820.345720795,,94.230.157.82
1841,Vodafone CZ,Prague,2018-03-25T14:05:02.451998Z,3.5675402088293633,16.11,10261137.76555281,9980852.1776015,,94.230.157.82
9788,JM-Net z.s.,Prague,2018-03-25T15:05:01.971036Z,3.5675402088293633,20.95,7760379.356147318,6911747.249673373,,94.230.157.82
4424,Nej TV a.s.,Prague,2018-03-25T16:05:02.588095Z,3.5675402088293633,12.622,13918083.751122024,10126421.673253061,,94.230.157.82
1841,Vodafone CZ,Prague,2018-03-25T17:05:02.074000Z,3.5675402088293633,13.932,11940325.298824055,9766839.895257274,,94.230.157.82
8223,Webshare.cz,Prague,2018-03-25T18:05:02.632616Z,3.5675402088293633,18.146,7746417.750967232,0.0,,94.230.157.82
4424,Nej TV a.s.,Prague,2018-03-25T19:05:02.987893Z,3.5675402088293633,107.704,7855568.870682401,7426517.009370283,,94.230.157.82
11181,"NFX, z.s.p.o.",Prague,2018-03-25T20:05:03.744283Z,3.5675402088293633,45.25,1349310.978231835,1451370.4377230855,,94.230.157.82
4424,Nej TV a.s.,Prague,2018-03-25T21:05:03.151491Z,3.5675402088293633,33.255,6728979.734212456,8705818.312480904,,94.230.157.82
11181,"NFX, z.s.p.o.",Prague,2018-03-25T22:05:02.554354Z,3.5675402088293633,22.309,2102173.681667794,3326857.7615991165,,94.230.157.82
4424,Nej TV a.s.,Prague,2018-03-25T23:05:02.449770Z,3.5675402088293633,14.167,2660366.87445142,1819716.9139983181,,94.230.157.82
4424,Nej TV a.s.,Prague,2018-03-26T00:05:03.002906Z,3.5675402088293633,11.768,7632695.067819693,10065014.451382814,,94.230.157.82
8223,Webshare.cz,Prague,2018-03-26T01:05:02.792630Z,3.5675402088293633,25.315,6104533.493869834,2491389.5415788954,,94.230.157.82
1841,Vodafone CZ,Prague,2018-03-26T02:05:02.276346Z,3.5675402088293633,16.363,10895296.747337539,9907535.338293148,,94.230.157.82
11181,"NFX, z.s.p.o.",Prague,2018-03-26T03:05:02.898554Z,3.5675402088293633,13.849,10852426.746585893,7778915.66555168,,94.230.157.82
4424,Nej TV a.s.,Prague,2018-03-26T04:05:02.521128Z,3.5675402088293633,12.506,12158732.763548585,10027355.535557365,,94.230.157.82
9788,JM-Net z.s.,Prague,2018-03-26T05:05:02.929471Z,3.5675402088293633,17.767,11475108.51719193,10163644.996986985,,94.230.157.82
8223,Webshare.cz,Prague,2018-03-26T06:05:02.423144Z,3.5675402088293633,15.077,6128301.681274869,0.0,,94.230.157.82
1841,Vodafone CZ,Prague,2018-03-26T07:05:02.434149Z,3.5675402088293633,16.221,12451909.21799497,10190687.402579531,,94.230.157.82
9788,JM-Net z.s.,Prague,2018-03-26T08:05:02.852109Z,3.5675402088293633,21.271,21686994.80355029,10110511.606885243,,94.230.157.82
4424,Nej TV a.s.,Prague,2018-03-26T09:05:02.787601Z,3.5675402088293633,12.635,16840121.42116718,10192805.212423703,,94.230.157.82
4424,Nej TV a.s.,Prague,2018-03-26T10:05:02.736062Z,3.5675402088293633,12.57,18516895.077231377,10186471.163403107,,94.230.157.82
4424,Nej TV a.s.,Prague,2018-03-26T11:05:02.171301Z,3.5675402088293633,11.263,23342458.088721454,10128292.619594475,,94.230.157.82
4424,Nej TV a.s.,Prague,2018-03-26T12:05:02.993367Z,3.5675402088293633,12.347,13436951.483200768,10110661.015735514,,94.230.157.82
4162,ISP Alliance a.s.,Prague,2018-03-26T13:05:02.606100Z,3.5675402088293633,11.902,13529639.475787882,10034849.764574392,,94.230.157.82
4162,ISP Alliance a.s.,Prague,2018-03-26T14:05:03.115424Z,3.5675402088293633,20.682,23928469.69659171,10119283.01595927,,94.230.157.82
4424,Nej TV a.s.,Prague,2018-03-26T15:05:01.997963Z,3.5675402088293633,12.384,14207599.462538213,10057943.857598126,,94.230.157.82
9788,JM-Net z.s.,Prague,2018-03-26T16:05:02.518529Z,3.5675402088293633,17.506,11386528.457427833,10143383.391022373,,94.230.157.82
4424,Nej TV a.s.,Prague,2018-03-26T17:05:02.227309Z,3.5675402088293633,25.391,14043523.18464823,10141441.943735067,,94.230.157.82
4424,Nej TV a.s.,Prague,2018-03-26T18:05:02.013184Z,3.5675402088293633,11.523,18040246.813109193,10115647.172919685,,94.230.157.82
4424,Nej TV a.s.,Prague,2018-03-26T19:05:02.899785Z,3.5675402088293633,28.549,15484236.303340878,9912290.441242484,,94.230.157.82
4162,ISP Alliance a.s.,Prague,2018-03-26T20:05:03.165216Z,3.5675402088293633,28.77,5176714.279087439,6593075.237871635,,94.230.157.82
4424,Nej TV a.s.,Prague,2018-03-26T21:05:02.857376Z,3.5675402088293633,14.905,26917783.210154667,8018481.782101367,,94.230.157.82
1841,Vodafone CZ,Prague,2018-03-26T22:05:02.958305Z,3.5675402088293633,27.513,24985632.41754482,10054922.010685148,,94.230.157.82
4162,ISP Alliance a.s.,Prague,2018-03-26T23:05:02.471213Z,3.5675402088293633,23.527,7635334.971106644,10125333.213575553,,94.230.157.82
4162,ISP Alliance a.s.,Prague,2018-03-27T00:05:03.040955Z,3.5675402088293633,12.058,11524132.006324286,10038172.68440497,,94.230.157.82
4162,ISP Alliance a.s.,Prague,2018-03-27T01:05:03.123896Z,3.5675402088293633,10.585,14342865.338986453,10072219.125720652,,94.230.157.82
4162,ISP Alliance a.s.,Prague,2018-03-27T02:05:03.960215Z,3.5675402088293633,18.217,8907197.062846504,10196033.78743022,,94.230.157.82
4162,ISP Alliance a.s.,Prague,2018-03-27T03:05:03.497106Z,3.5675402088293633,16.813,13426906.495478682,10123190.492301969,,94.230.157.82
11181,"NFX, z.s.p.o.",Prague,2018-03-27T04:05:02.744565Z,3.5675402088293633,17.39,2248422.6660385774,10145575.69326868,,94.230.157.82
4162,ISP Alliance a.s.,Prague,2018-03-27T05:05:03.104317Z,3.5675402088293633,14.32,11660174.703519303,10113200.916149467,,94.230.157.82
11181,"NFX, z.s.p.o.",Prague,2018-03-27T06:05:03.556445Z,3.5675402088293633,11.855,7763405.844005733,9784443.334764665,,94.230.157.82
4162,ISP Alliance a.s.,Prague,2018-03-27T07:05:02.419623Z,3.5675402088293633,11.193,30644604.324128695,10030529.919932421,,94.230.157.82
4162,ISP Alliance a.s.,Prague,2018-03-27T08:05:02.340666Z,3.5675402088293633,14.977,26996221.697600827,10029161.895293856,,94.230.157.82
4162,ISP Alliance a.s.,Prague,2018-03-27T09:05:03.104433Z,3.5675402088293633,12.251,26851076.26850041,10066954.292397955,,94.230.157.82
1841,Vodafone CZ,Prague,2018-03-27T10:05:01.983077Z,3.5675402088293633,13.759,28033726.429384556,10208945.00439873,,94.230.157.82
4162,ISP Alliance a.s.,Prague,2018-03-27T11:05:02.418199Z,3.5675402088293633,12.116,15830750.018294323,10014975.21577189,,94.230.157.82
11465,O2 Czech Republic a.s.,Prague,2018-03-27T12:05:02.007673Z,3.5675402088293633,16.113,8496613.1525271,10087760.49921829,,94.230.157.82
4162,ISP Alliance a.s.,Prague,2018-03-27T13:05:02.761773Z,3.5675402088293633,10.881,19663785.41587853,10072610.650010103,,94.230.157.82
11465,O2 Czech Republic a.s.,Prague,2018-03-27T14:05:02.693527Z,3.5675402088293633,18.51,8586423.991543688,10070945.415297056,,94.230.157.82
4162,ISP Alliance a.s.,Prague,2018-03-27T15:05:03.014324Z,3.5675402088293633,14.688,10955934.85439692,10003387.779511906,,94.230.157.82
4162,ISP Alliance a.s.,Prague,2018-03-27T16:05:02.500054Z,3.5675402088293633,17.736,13849810.516898794,10056890.340329206,,94.230.157.82
11465,O2 Czech Republic a.s.,Prague,2018-03-27T17:05:03.082886Z,3.5675402088293633,12.77,20988667.60881982,10137102.840937741,,94.230.157.82
4162,ISP Alliance a.s.,Prague,2018-03-27T18:05:02.419973Z,3.5675402088293633,16.517,20570725.028281186,9911415.138036098,,94.230.157.82
4162,ISP Alliance a.s.,Prague,2018-03-27T19:00:03.659574Z,3.5675402088293633,33.166,15679037.5426358,9658856.784326132,,94.230.157.82
4162,ISP Alliance a.s.,Prague,2018-03-27T19:30:03.552251Z,3.5675402088293633,27.017,24757677.486301605,9916963.88394966,,94.230.157.82
10053,NewLink,Prague,2018-03-27T20:00:05.772644Z,3.5675402088293633,13.48,21202362.01729158,10174014.56265429,,94.230.157.82
4162,ISP Alliance a.s.,Prague,2018-03-27T20:30:02.486675Z,3.5675402088293633,15.409,23371800.851628087,9848680.518321455,,94.230.157.82
10053,NewLink,Prague,2018-03-27T21:00:03.874391Z,3.5675402088293633,38.272,13896491.536096493,7842183.4134382615,,94.230.157.82
10053,NewLink,Prague,2018-03-27T21:30:03.576215Z,3.5675402088293633,12.607,18810662.85241828,10001916.036810482,,94.230.157.82
10053,NewLink,Prague,2018-03-27T22:00:04.544452Z,3.5675402088293633,16.496,11600277.614809357,6920279.908753706,,94.230.157.82
9788,JM-Net z.s.,Prague,2018-03-27T22:30:03.219216Z,3.5675402088293633,14.276,19189697.691814363,9780737.643630985,,94.230.157.82
9788,JM-Net z.s.,Prague,2018-03-27T23:00:03.764997Z,3.5675402088293633,27.646,18530184.949674197,9149023.299311318,,94.230.157.82
9788,JM-Net z.s.,Prague,2018-03-27T23:30:03.013390Z,3.5675402088293633,14.193,10931745.57082911,10033947.020279666,,94.230.157.82
11465,O2 Czech Republic a.s.,Prague,2018-03-28T00:00:03.972117Z,3.5675402088293633,11.725,12989978.931056846,10148683.158274675,,94.230.157.82
4162,ISP Alliance a.s.,Prague,2018-03-28T00:30:02.570138Z,3.5675402088293633,12.215,13764647.270844948,10182360.732460095,,94.230.157.82
9788,JM-Net z.s.,Prague,2018-03-28T01:00:07.604171Z,3.5675402088293633,12.145,11120068.039822174,10174851.803828567,,94.230.157.82
9788,JM-Net z.s.,Prague,2018-03-28T01:30:02.882836Z,3.5675402088293633,12.526,12592340.440552477,10193719.701293103,,94.230.157.82
9788,JM-Net z.s.,Prague,2018-03-28T02:00:03.021372Z,3.5675402088293633,11.496,10982445.783488644,10136284.022698553,,94.230.157.82
10053,NewLink,Prague,2018-03-28T02:30:03.287091Z,3.5675402088293633,14.189,13305021.88814188,10031039.529743597,,94.230.157.82
4162,ISP Alliance a.s.,Prague,2018-03-28T03:00:03.016175Z,3.5675402088293633,13.986,13509120.42540517,10062875.85338337,,94.230.157.82
9788,JM-Net z.s.,Prague,2018-03-28T03:30:06.390453Z,3.5675402088293633,16.852,12090769.027503975,10124260.96874401,,94.230.157.82
4162,ISP Alliance a.s.,Prague,2018-03-28T04:00:04.183463Z,3.5675402088293633,13.322,14299539.035190918,10099597.828365212,,94.230.157.82
4162,ISP Alliance a.s.,Prague,2018-03-28T04:30:04.277274Z,3.5675402088293633,16.008,14527608.704474682,10088000.136745181,,94.230.157.82
11465,O2 Czech Republic a.s.,Prague,2018-03-28T05:00:05.431210Z,3.5675402088293633,12.913,31509519.00927423,10164867.298854709,,94.230.157.82
4162,ISP Alliance a.s.,Prague,2018-03-28T05:30:05.469095Z,3.5675402088293633,17.131,27880889.302968204,10197915.433615891,,94.230.157.82
11465,O2 Czech Republic a.s.,Prague,2018-03-28T06:00:05.962863Z,3.5675402088293633,14.258,20702665.494343534,10065963.946240395,,94.230.157.82
11465,O2 Czech Republic a.s.,Prague,2018-03-28T06:30:04.623119Z,3.5675402088293633,13.621,32119984.965081487,10182248.089566194,,94.230.157.82
9788,JM-Net z.s.,Prague,2018-03-28T07:00:05.709082Z,3.5675402088293633,14.125,30536576.08203759,10068658.423230326,,94.230.157.82
11465,O2 Czech Republic a.s.,Prague,2018-03-28T07:30:03.127348Z,3.5675402088293633,15.759,31516098.418415952,9871947.466522362,,94.230.157.82
10053,NewLink,Prague,2018-03-28T08:00:06.386426Z,3.5675402088293633,14.09,22111239.934282597,5319327.313861199,,94.230.157.82
9788,JM-Net z.s.,Prague,2018-03-28T08:30:06.408211Z,3.5675402088293633,17.248,33206198.344600167,9924608.031463943,,94.230.157.82
4162,ISP Alliance a.s.,Prague,2018-03-28T09:00:05.730676Z,3.5675402088293633,15.886,26817286.675664432,10036151.938563954,,94.230.157.82
9788,JM-Net z.s.,Prague,2018-03-28T09:30:06.053538Z,3.5675402088293633,12.315,24713664.42294306,10120762.809556687,,94.230.157.82
11465,O2 Czech Republic a.s.,Prague,2018-03-28T10:00:03.712841Z,3.5675402088293633,14.486,30750531.01707289,10044706.751510372,,94.230.157.82
4162,ISP Alliance a.s.,Prague,2018-03-28T10:30:04.218032Z,3.5675402088293633,15.597,10412330.256251073,9635052.630718425,,94.230.157.82
10053,NewLink,Prague,2018-03-28T11:00:05.625388Z,3.5675402088293633,14.671,32825160.28755135,9702373.292946555,,94.230.157.82
4162,ISP Alliance a.s.,Prague,2018-03-28T11:30:03.859832Z,3.5675402088293633,19.492,17910387.371613484,10042623.887242528,,94.230.157.82
11465,O2 Czech Republic a.s.,Prague,2018-03-28T12:00:07.987727Z,3.5675402088293633,11.523,31928327.020599287,10135499.667783787,,94.230.157.82
9788,JM-Net z.s.,Prague,2018-03-28T12:30:03.232128Z,3.5675402088293633,18.399,30906627.408974327,9178597.936527392,,94.230.157.82
4162,ISP Alliance a.s.,Prague,2018-03-28T13:00:05.696880Z,3.5675402088293633,16.189,31143819.75256312,10159554.925361885,,94.230.157.82
4162,ISP Alliance a.s.,Prague,2018-03-28T13:30:03.012758Z,3.5675402088293633,17.358,17928631.606534854,9914771.59289529,,94.230.157.82
9788,JM-Net z.s.,Prague,2018-03-28T14:00:07.032490Z,3.5675402088293633,12.127,28481658.608618207,9504610.404411536,,94.230.157.82
9788,JM-Net z.s.,Prague,2018-03-28T14:30:04.288551Z,3.5675402088293633,11.533,30031298.452001236,7500009.672267963,,94.230.157.82
11465,O2 Czech Republic a.s.,Prague,2018-03-28T15:00:06.377865Z,3.5675402088293633,12.34,31146249.64563399,10049819.865111696,,94.230.157.82
9788,JM-Net z.s.,Prague,2018-03-28T15:30:02.998028Z,3.5675402088293633,28.251,27127137.082671244,8824504.591423804,,94.230.157.82
4162,ISP Alliance a.s.,Prague,2018-03-28T16:00:06.834413Z,3.5675402088293633,12.226,25550913.699885298,10175995.274596587,,94.230.157.82
11465,O2 Czech Republic a.s.,Prague,2018-03-28T16:30:04.918192Z,3.5675402088293633,36.042,27438069.436176352,10075631.014952552,,94.230.157.82
4162,ISP Alliance a.s.,Prague,2018-03-28T17:00:05.916706Z,3.5675402088293633,12.321,25779570.15604795,10059320.42219795,,94.230.157.82
4162,ISP Alliance a.s.,Prague,2018-03-28T17:30:03.001465Z,3.5675402088293633,15.743,26950528.982368484,10074356.178077877,,94.230.157.82
10053,NewLink,Prague,2018-03-28T18:00:03.812578Z,3.5675402088293633,13.424,30058613.119906314,9544966.689847104,,94.230.157.82
4162,ISP Alliance a.s.,Prague,2018-03-28T18:30:03.744586Z,3.5675402088293633,13.906,21464751.62247452,10180383.10456834,,94.230.157.82
9788,JM-Net z.s.,Prague,2018-03-28T19:00:05.868786Z,3.5675402088293633,76.044,21642651.74403094,8314998.000360042,,94.230.157.82
4162,ISP Alliance a.s.,Prague,2018-03-28T19:30:02.727669Z,3.5675402088293633,18.108,22654028.834085416,10062352.081394993,,94.230.157.82
4162,ISP Alliance a.s.,Prague,2018-03-28T20:00:04.309973Z,3.5675402088293633,14.15,13018975.364455594,10110606.803093437,,94.230.157.82
4162,ISP Alliance a.s.,Prague,2018-03-28T20:30:02.882576Z,3.5675402088293633,25.316,20516353.33078879,10071318.464778595,,94.230.157.82
10053,NewLink,Prague,2018-03-28T21:00:05.915103Z,3.5675402088293633,16.849,20641481.596085366,9654355.70899137,,94.230.157.82
4162,ISP Alliance a.s.,Prague,2018-03-28T21:30:06.000039Z,3.5675402088293633,16.839,22788506.842505354,10033704.216505863,,94.230.157.82
10053,NewLink,Prague,2018-03-28T22:00:05.340517Z,3.5675402088293633,24.298,22827191.835778117,7041913.04621991,,94.230.157.82
9788,JM-Net z.s.,Prague,2018-03-28T22:30:05.938403Z,3.5675402088293633,15.649,23747638.198808897,9550202.796674946,,94.230.157.82
11465,O2 Czech Republic a.s.,Prague,2018-03-28T23:00:08.934908Z,3.5675402088293633,14.572,18689271.21988129,9226054.507536257,,94.230.157.82
11465,O2 Czech Republic a.s.,Prague,2018-03-28T23:30:04.441500Z,3.5675402088293633,21.561,33321105.891904373,10149140.654504932,,94.230.157.82
10053,NewLink,Prague,2018-03-29T00:00:06.441199Z,3.5675402088293633,10.83,27982283.233162243,10064319.703631796,,94.230.157.82
9788,JM-Net z.s.,Prague,2018-03-29T00:30:03.066538Z,3.5675402088293633,10.876,34101145.20040494,8081516.537606779,,94.230.157.82
9788,JM-Net z.s.,Prague,2018-03-29T01:00:05.007629Z,3.5675402088293633,17.007,21247205.596379135,8833791.302731741,,94.230.157.82
4162,ISP Alliance a.s.,Prague,2018-03-29T01:30:04.380627Z,3.5675402088293633,13.654,30410895.009774152,10019755.00876941,,94.230.157.82
9788,JM-Net z.s.,Prague,2018-03-29T02:00:02.700134Z,3.5675402088293633,11.374,32459731.09221876,10194860.277616475,,94.230.157.82
4162,ISP Alliance a.s.,Prague,2018-03-29T02:30:04.989086Z,3.5675402088293633,13.431,31149802.8213541,9405154.307422074,,94.230.157.82
11465,O2 Czech Republic a.s.,Prague,2018-03-29T03:00:08.202672Z,3.5675402088293633,12.32,35059049.80848166,10160319.718320798,,94.230.157.82
9788,JM-Net z.s.,Prague,2018-03-29T03:30:03.035973Z,3.5675402088293633,13.187,27717286.107697807,10063487.034083385,,94.230.157.82
10053,NewLink,Prague,2018-03-29T04:00:06.366654Z,3.5675402088293633,12.514,33246860.75156284,10033854.194827996,,94.230.157.82
9788,JM-Net z.s.,Prague,2018-03-29T04:30:02.983006Z,3.5675402088293633,13.591,27222349.0942196,8440109.72306506,,94.230.157.82
11465,O2 Czech Republic a.s.,Prague,2018-03-29T05:00:03.604356Z,3.5675402088293633,13.389,34209261.5410735,9986184.474485712,,94.230.157.82
9788,JM-Net z.s.,Prague,2018-03-29T05:30:03.254761Z,3.5675402088293633,11.279,30499924.0464158,10157324.296423478,,94.230.157.82
9788,JM-Net z.s.,Prague,2018-03-29T06:00:09.049075Z,3.5675402088293633,12.777,27538097.147426188,10060398.68568415,,94.230.157.82
4162,ISP Alliance a.s.,Prague,2018-03-29T06:30:01.946590Z,3.5675402088293633,14.557,14454173.373587025,10141971.566930398,,94.230.157.82
10053,NewLink,Prague,2018-03-29T07:00:06.241025Z,3.5675402088293633,14.921,26309117.982237224,9147129.844530806,,94.230.157.82
4162,ISP Alliance a.s.,Prague,2018-03-29T07:30:03.557631Z,3.5675402088293633,12.63,25666180.75261339,9947524.52593331,,94.230.157.82
10053,NewLink,Prague,2018-03-29T08:00:06.143364Z,3.5675402088293633,10.281,30206425.2345044,10051446.610917183,,94.230.157.82
4162,ISP Alliance a.s.,Prague,2018-03-29T08:30:03.284932Z,3.5675402088293633,13.693,15725687.17838843,10178586.013906546,,94.230.157.82
4162,ISP Alliance a.s.,Prague,2018-03-29T09:00:06.217313Z,3.5675402088293633,11.642,34226187.693629056,10048305.211169226,,94.230.157.82
11465,O2 Czech Republic a.s.,Prague,2018-03-29T09:30:03.228034Z,3.5675402088293633,13.452,30314572.96359098,10155225.736230548,,94.230.157.82
9788,JM-Net z.s.,Prague,2018-03-29T10:00:08.432880Z,3.5675402088293633,12.491,33693475.90771252,8197467.9239111375,,94.230.157.82
11465,O2 Czech Republic a.s.,Prague,2018-03-29T10:30:03.946027Z,3.5675402088293633,16.003,28992688.11436265,10138356.42590866,,94.230.157.82
4162,ISP Alliance a.s.,Prague,2018-03-29T11:00:04.504910Z,3.5675402088293633,12.03,32191796.296591397,9399065.075015375,,94.230.157.82
10053,NewLink,Prague,2018-03-29T11:30:06.397229Z,3.5675402088293633,12.441,33868976.35289292,9960367.276036497,,94.230.157.82
11465,O2 Czech Republic a.s.,Prague,2018-03-29T12:00:05.255584Z,3.5675402088293633,11.988,34055405.175859466,10171489.916834919,,94.230.157.82
4162,ISP Alliance a.s.,Prague,2018-03-29T12:30:09.260764Z,3.5675402088293633,11.313,18467291.033246968,10164372.324719423,,94.230.157.82
9788,JM-Net z.s.,Prague,2018-03-29T13:00:03.243343Z,3.5675402088293633,13.129,25317148.255557787,10207574.051243186,,94.230.157.82
4162,ISP Alliance a.s.,Prague,2018-03-29T13:30:06.495760Z,3.5675402088293633,11.374,28969818.591311023,10034241.471229253,,94.230.157.82
9788,JM-Net z.s.,Prague,2018-03-29T14:00:05.644463Z,3.5675402088293633,13.153,23549585.491708916,7780550.261039304,,94.230.157.82
9788,JM-Net z.s.,Prague,2018-03-29T14:30:03.172106Z,3.5675402088293633,15.371,23935819.95238111,9939453.638648003,,94.230.157.82
9788,JM-Net z.s.,Prague,2018-03-29T15:00:03.785915Z,3.5675402088293633,13.119,32793824.96608277,9715733.332242647,,94.230.157.82
10053,NewLink,Prague,2018-03-29T15:30:04.341328Z,3.5675402088293633,11.314,34624040.62044099,9764993.825705664,,94.230.157.82
9788,JM-Net z.s.,Prague,2018-03-29T16:00:04.096112Z,3.5675402088293633,12.903,28218209.17304347,6819670.3847706625,,94.230.157.82
4162,ISP Alliance a.s.,Prague,2018-03-29T16:30:03.928992Z,3.5675402088293633,12.779,27549346.359047163,10129105.812106889,,94.230.157.82
11465,O2 Czech Republic a.s.,Prague,2018-03-29T17:00:03.897190Z,3.5675402088293633,15.232,34301720.39760728,10051821.44799667,,94.230.157.82
10053,NewLink,Prague,2018-03-29T17:30:03.441093Z,3.5675402088293633,69.977,2597688.331150739,8950955.553472335,,94.230.157.82
4162,ISP Alliance a.s.,Prague,2018-03-29T18:00:07.957844Z,3.5675402088293633,15.917,9729246.171878751,9974896.279762048,,94.230.157.82
10053,NewLink,Prague,2018-03-29T18:30:04.018457Z,3.5675402088293633,30.444,4141604.3133194484,5103471.245529645,,94.230.157.82
11465,O2 Czech Republic a.s.,Prague,2018-03-29T19:00:07.095818Z,3.5675402088293633,26.658,18198712.33033741,10028040.255068721,,94.230.157.82
10053,NewLink,Prague,2018-03-29T19:30:05.074445Z,3.5675402088293633,19.682,12081273.654882353,10174948.88587571,,94.230.157.82
9788,JM-Net z.s.,Prague,2018-03-29T20:00:06.427888Z,3.5675402088293633,38.135,6466485.505235281,5046256.059685704,,94.230.157.82
9788,JM-Net z.s.,Prague,2018-03-29T20:30:03.715618Z,3.5675402088293633,15.274,11505583.987426389,10113624.690970618,,94.230.157.82
10053,NewLink,Prague,2018-03-29T21:00:02.769370Z,3.5675402088293633,14.562,14017104.779376358,9903446.015992565,,94.230.157.82
4162,ISP Alliance a.s.,Prague,2018-03-29T21:30:05.255421Z,3.5675402088293633,14.633,13506956.44971713,10022990.287373355,,94.230.157.82
9788,JM-Net z.s.,Prague,2018-03-29T22:00:05.766437Z,3.5675402088293633,21.137,27966268.750928134,10181649.413538242,,94.230.157.82
4162,ISP Alliance a.s.,Prague,2018-03-29T22:30:02.853198Z,3.5675402088293633,12.414,3669133.4246186228,9813554.406980252,,94.230.157.82
4162,ISP Alliance a.s.,Prague,2018-03-29T23:00:07.826826Z,3.5675402088293633,10.651,5502605.452553365,10087144.97679282,,94.230.157.82
4162,ISP Alliance a.s.,Prague,2018-03-29T23:30:03.319257Z,3.5675402088293633,12.649,3083506.9066624446,9517384.663550396,,94.230.157.82
4162,ISP Alliance a.s.,Prague,2018-03-30T00:00:04.292104Z,3.5675402088293633,17.169,3073780.226701668,7871674.2168806065,,94.230.157.82
4162,ISP Alliance a.s.,Prague,2018-03-30T00:30:03.108934Z,3.5675402088293633,17.0,13970237.17678926,10185663.145334871,,94.230.157.82
4162,ISP Alliance a.s.,Prague,2018-03-30T01:00:05.779687Z,3.5675402088293633,12.879,17479961.605013873,10098456.423492063,,94.230.157.82
4162,ISP Alliance a.s.,Prague,2018-03-30T01:30:04.022700Z,3.5675402088293633,15.691,8099666.192342496,10008413.808966499,,94.230.157.82
4162,ISP Alliance a.s.,Prague,2018-03-30T02:00:03.914205Z,3.5675402088293633,11.014,26535525.48041477,10066501.608807882,,94.230.157.82
4162,ISP Alliance a.s.,Prague,2018-03-30T02:30:04.198841Z,3.5675402088293633,12.794,9546401.404783133,10050117.133589454,,94.230.157.82
9788,JM-Net z.s.,Prague,2018-03-30T03:00:05.920409Z,3.5675402088293633,18.067,5664351.486872233,9991717.023883246,,94.230.157.82
11465,O2 Czech Republic a.s.,Prague,2018-03-30T03:30:04.095048Z,3.5675402088293633,15.595,12004147.001437975,10047965.43112826,,94.230.157.82
4162,ISP Alliance a.s.,Prague,2018-03-30T04:00:06.653903Z,3.5675402088293633,16.546,12679550.410145232,10098503.411526699,,94.230.157.82
9788,JM-Net z.s.,Prague,2018-03-30T04:30:05.414218Z,3.5675402088293633,13.523,25108488.598583356,10122472.927475248,,94.230.157.82
11465,O2 Czech Republic a.s.,Prague,2018-03-30T05:00:05.290463Z,3.5675402088293633,12.647,10790774.472493613,10028332.032535175,,94.230.157.82
11465,O2 Czech Republic a.s.,Prague,2018-03-30T05:30:03.153609Z,3.5675402088293633,10.998,27105843.82999955,10180385.2471758,,94.230.157.82
9788,JM-Net z.s.,Prague,2018-03-30T06:00:07.023438Z,3.5675402088293633,10.99,10560090.880390514,9661661.198018419,,94.230.157.82
4162,ISP Alliance a.s.,Prague,2018-03-30T06:30:02.771497Z,3.5675402088293633,15.498,6518237.625064401,9897585.834409453,,94.230.157.82
11465,O2 Czech Republic a.s.,Prague,2018-03-30T07:00:03.999827Z,3.5675402088293633,71.202,10888251.819710849,9402416.589091647,,94.230.157.82
4162,ISP Alliance a.s.,Prague,2018-03-30T07:30:02.403813Z,3.5675402088293633,10.996,2002051.5335953159,9182359.410794795,,94.230.157.82
9788,JM-Net z.s.,Prague,2018-03-30T08:00:07.636233Z,3.5675402088293633,13.495,28195126.01941701,9747325.781573614,,94.230.157.82
4162,ISP Alliance a.s.,Prague,2018-03-30T08:30:03.663845Z,3.5675402088293633,11.843,34515876.67492514,10046061.144954737,,94.230.157.82
9788,JM-Net z.s.,Prague,2018-03-30T09:00:04.870618Z,3.5675402088293633,14.682,30137109.525577225,7871563.690948583,,94.230.157.82
4162,ISP Alliance a.s.,Prague,2018-03-30T09:30:04.308126Z,3.5675402088293633,11.888,22707959.09446464,10195986.48228956,,94.230.157.82
9788,JM-Net z.s.,Prague,2018-03-30T10:00:07.178398Z,3.5675402088293633,23.594,20857793.40806941,10059686.812786302,,94.230.157.82
4162,ISP Alliance a.s.,Prague,2018-03-30T10:30:04.046947Z,3.5675402088293633,15.163,23208459.897582337,7597173.81911143,,94.230.157.82
9788,JM-Net z.s.,Prague,2018-03-30T11:00:09.271842Z,3.5675402088293633,20.924,19937683.753672067,9334562.374727385,,94.230.157.82
4424,Nej TV a.s.,Prague,2018-03-30T11:30:04.603086Z,3.5675402088293633,15.426,14485423.464903226,10042209.45407476,,94.230.157.82
4162,ISP Alliance a.s.,Prague,2018-03-30T12:00:05.736795Z,3.5675402088293633,76.264,19598151.354250435,9318490.845077293,,94.230.157.82
4162,ISP Alliance a.s.,Prague,2018-03-30T12:30:03.921240Z,3.5675402088293633,13.262,26418092.33301026,10173871.951179786,,94.230.157.82
4162,ISP Alliance a.s.,Prague,2018-03-30T13:00:05.905459Z,3.5675402088293633,10.808,18954375.020964786,10025734.892620958,,94.230.157.82
4162,ISP Alliance a.s.,Prague,2018-03-30T13:30:03.015958Z,3.5675402088293633,10.857,20972994.164717857,9975307.84139415,,94.230.157.82
4424,Nej TV a.s.,Prague,2018-03-30T14:00:09.524051Z,3.5675402088293633,15.565,24381303.097255,10199918.89153269,,94.230.157.82
9788,JM-Net z.s.,Prague,2018-03-30T14:30:06.333598Z,3.5675402088293633,13.685,26608788.90740782,10174814.024102623,,94.230.157.82
4162,ISP Alliance a.s.,Prague,2018-03-30T15:00:05.814620Z,3.5675402088293633,11.857,22788938.443182502,10125173.517083991,,94.230.157.82
4162,ISP Alliance a.s.,Prague,2018-03-30T15:30:03.838095Z,3.5675402088293633,18.309,23448036.707928862,10163382.130880041,,94.230.157.82
4424,Nej TV a.s.,Prague,2018-03-30T16:00:05.749075Z,3.5675402088293633,13.879,21617445.104829393,10090668.725920482,,94.230.157.82
4162,ISP Alliance a.s.,Prague,2018-03-30T16:30:03.732475Z,3.5675402088293633,15.879,13393172.863893807,10188255.253940726,,94.230.157.82
1841,Vodafone CZ,Prague,2018-03-30T17:00:09.405742Z,3.5675402088293633,19.014,24602151.524041295,10057872.000273356,,94.230.157.82
4162,ISP Alliance a.s.,Prague,2018-03-30T17:30:03.539617Z,3.5675402088293633,10.901,32691745.686317477,10106865.659430929,,94.230.157.82
4162,ISP Alliance a.s.,Prague,2018-03-30T18:00:05.987292Z,3.5675402088293633,13.501,19860695.44520068,10028809.25085719,,94.230.157.82
4162,ISP Alliance a.s.,Prague,2018-03-30T18:30:03.547167Z,3.5675402088293633,11.726,31079816.11405124,10143435.175941654,,94.230.157.82
8223,Webshare.cz,Prague,2018-03-30T19:00:05.784320Z,3.5675402088293633,16.302,7849085.981041203,4500020.5582827255,,94.230.157.82
4162,ISP Alliance a.s.,Prague,2018-03-30T19:30:05.516805Z,3.5675402088293633,13.92,29080867.63157672,10182253.399650171,,94.230.157.82
4162,ISP Alliance a.s.,Prague,2018-03-30T20:00:05.032580Z,3.5675402088293633,11.857,25404261.751807883,9986852.668815635,,94.230.157.82
4162,ISP Alliance a.s.,Prague,2018-03-30T20:30:03.922871Z,3.5675402088293633,12.724,27379617.77446291,10037379.467987288,,94.230.157.82
4424,Nej TV a.s.,Prague,2018-03-30T21:00:07.976705Z,3.5675402088293633,15.777,15312566.257109772,10023690.533326425,,94.230.157.82
4424,Nej TV a.s.,Prague,2018-03-30T21:30:06.132919Z,3.5675402088293633,20.585,14038482.969095502,9552899.010191267,,94.230.157.82
8223,Webshare.cz,Prague,2018-03-30T22:00:05.782720Z,3.5675402088293633,25.614,9774611.727531083,0.0,,94.230.157.82
4424,Nej TV a.s.,Prague,2018-03-30T22:30:03.169991Z,3.5675402088293633,11.886,25940545.061405946,10074117.920050627,,94.230.157.82
8223,Webshare.cz,Prague,2018-03-30T23:00:05.228529Z,3.5675402088293633,14.382,6953651.387053572,2915217.7519761,,94.230.157.82
4162,ISP Alliance a.s.,Prague,2018-03-30T23:30:03.932709Z,3.5675402088293633,34.579,28598513.31503289,10138894.157599278,,94.230.157.82
9788,JM-Net z.s.,Prague,2018-03-31T00:00:09.715880Z,3.5675402088293633,28.817,34824077.54600598,10178104.738319391,,94.230.157.82
4162,ISP Alliance a.s.,Prague,2018-03-31T00:30:03.204376Z,3.5675402088293633,13.225,29681964.19402052,10109376.713836372,,94.230.157.82
8223,Webshare.cz,Prague,2018-03-31T01:00:05.638268Z,3.5675402088293633,22.023,11148748.452254102,0.0,,94.230.157.82
4162,ISP Alliance a.s.,Prague,2018-03-31T01:30:04.181761Z,3.5675402088293633,11.191,36748887.196585774,10083291.53004072,,94.230.157.82
9788,JM-Net z.s.,Prague,2018-03-31T02:00:09.094545Z,3.5675402088293633,13.734,24862231.47276424,10036108.931897,,94.230.157.82
8223,Webshare.cz,Prague,2018-03-31T02:30:04.667212Z,3.5675402088293633,13.069,10588967.314393925,0.0,,94.230.157.82
9788,JM-Net z.s.,Prague,2018-03-31T03:00:03.071026Z,3.5675402088293633,12.017,34992413.10522596,8723434.975966774,,94.230.157.82
4162,ISP Alliance a.s.,Prague,2018-03-31T03:30:03.010171Z,3.5675402088293633,11.632,33287803.33812749,10056123.882293904,,94.230.157.82
8223,Webshare.cz,Prague,2018-03-31T04:00:07.581013Z,3.5675402088293633,12.072,10699556.781945912,0.0,,94.230.157.82
4424,Nej TV a.s.,Prague,2018-03-31T04:30:02.729074Z,3.5675402088293633,12.018,31298748.283456497,10188452.394999538,,94.230.157.82
9788,JM-Net z.s.,Prague,2018-03-31T05:00:05.387080Z,3.5675402088293633,10.826,36713033.32308689,10090268.46397833,,94.230.157.82
4162,ISP Alliance a.s.,Prague,2018-03-31T05:30:03.473607Z,3.5675402088293633,13.95,21534889.694010943,10204562.458911369,,94.230.157.82
9788,JM-Net z.s.,Prague,2018-03-31T06:00:05.109450Z,3.5675402088293633,10.586,37984634.92321925,7459515.485852537,,94.230.157.82
4162,ISP Alliance a.s.,Prague,2018-03-31T06:30:03.197480Z,3.5675402088293633,11.391,21786754.66009036,10128720.507511565,,94.230.157.82
4424,Nej TV a.s.,Prague,2018-03-31T07:00:06.185033Z,3.5675402088293633,12.931,33504035.149948787,10167950.478669168,,94.230.157.82
8223,Webshare.cz,Prague,2018-03-31T07:30:03.461397Z,3.5675402088293633,12.305,11072582.811944949,0.0,,94.230.157.82
9788,JM-Net z.s.,Prague,2018-03-31T08:00:06.051309Z,3.5675402088293633,15.132,24360247.501839496,10099527.695370048,,94.230.157.82
4162,ISP Alliance a.s.,Prague,2018-03-31T08:30:02.429488Z,3.5675402088293633,12.478,30581963.92808746,9985541.991288975,,94.230.157.82
1841,Vodafone CZ,Prague,2018-03-31T09:00:05.256953Z,3.5675402088293633,18.564,14894616.97537279,10111709.615308098,,94.230.157.82
4162,ISP Alliance a.s.,Prague,2018-03-31T09:30:03.454429Z,3.5675402088293633,13.959,28318684.503089465,10049673.205335222,,94.230.157.82
9788,JM-Net z.s.,Prague,2018-03-31T10:00:10.346330Z,3.5675402088293633,10.571,29970427.40314932,10164763.338544924,,94.230.157.82
4424,Nej TV a.s.,Prague,2018-03-31T10:30:05.755109Z,3.5675402088293633,12.439,22117332.451883074,10070903.58349662,,94.230.157.82
4162,ISP Alliance a.s.,Prague,2018-03-31T11:00:05.969984Z,3.5675402088293633,10.855,27821861.01801389,9933632.524700254,,94.230.157.82
4162,ISP Alliance a.s.,Prague,2018-03-31T11:30:03.867752Z,3.5675402088293633,11.989,27876708.400864262,10089827.71749731,,94.230.157.82
4424,Nej TV a.s.,Prague,2018-03-31T12:00:05.118891Z,3.5675402088293633,10.562,31558078.48696375,10001965.125187362,,94.230.157.82
9788,JM-Net z.s.,Prague,2018-03-31T12:30:05.810815Z,3.5675402088293633,12.847,33553456.493695147,9570410.22851821,,94.230.157.82
4162,ISP Alliance a.s.,Prague,2018-03-31T13:00:03.613611Z,3.5675402088293633,10.959,19338882.091795187,10042905.67073617,,94.230.157.82
4162,ISP Alliance a.s.,Prague,2018-03-31T13:30:02.863899Z,3.5675402088293633,18.441,16901823.621903148,10168358.429947712,,94.230.157.82
9788,JM-Net z.s.,Prague,2018-03-31T14:00:04.213042Z,3.5675402088293633,14.147,27025818.602674834,10054073.894610362,,94.230.157.82
4162,ISP Alliance a.s.,Prague,2018-03-31T14:30:04.045234Z,3.5675402088293633,12.69,17567345.847046413,10030430.00937328,,94.230.157.82
9788,JM-Net z.s.,Prague,2018-03-31T15:00:04.118440Z,3.5675402088293633,12.429,33713483.00979711,10187448.553541629,,94.230.157.82
4424,Nej TV a.s.,Prague,2018-03-31T15:30:05.299033Z,3.5675402088293633,14.196,27411456.045918923,10187141.79453563,,94.230.157.82
4424,Nej TV a.s.,Prague,2018-03-31T16:00:06.876567Z,3.5675402088293633,17.902,35473769.39940875,10187075.482168995,,94.230.157.82
8223,Webshare.cz,Prague,2018-03-31T16:30:03.833709Z,3.5675402088293633,13.063,10838590.672993325,0.0,,94.230.157.82
4424,Nej TV a.s.,Prague,2018-03-31T17:00:08.245530Z,3.5675402088293633,12.724,21528736.62819647,10167964.929940945,,94.230.157.82
9788,JM-Net z.s.,Prague,2018-03-31T17:30:04.047419Z,3.5675402088293633,19.04,26622728.10249222,10146199.602817088,,94.230.157.82
9788,JM-Net z.s.,Prague,2018-03-31T18:00:05.833651Z,3.5675402088293633,14.604,32993613.95666668,9558979.863610331,,94.230.157.82
8223,Webshare.cz,Prague,2018-03-31T18:30:03.219119Z,3.5675402088293633,22.242,10165712.285294339,0.0,,94.230.157.82
4424,Nej TV a.s.,Prague,2018-03-31T19:00:05.550406Z,3.5675402088293633,15.374,27834254.0963635,10213468.304354243,,94.230.157.82
4162,ISP Alliance a.s.,Prague,2018-03-31T19:30:03.712446Z,3.5675402088293633,12.528,14682435.389394633,10060419.6697322,,94.230.157.82
9788,JM-Net z.s.,Prague,2018-03-31T20:00:05.284826Z,3.5675402088293633,11.621,27295713.475570735,9893115.917100254,,94.230.157.82
4162,ISP Alliance a.s.,Prague,2018-03-31T20:30:04.464634Z,3.5675402088293633,18.141,27909071.519593295,10186608.122961083,,94.230.157.82
4162,ISP Alliance a.s.,Prague,2018-03-31T21:00:05.050750Z,3.5675402088293633,13.957,28160365.070623104,10190706.987192795,,94.230.157.82
4162,ISP Alliance a.s.,Prague,2018-03-31T21:30:02.924582Z,3.5675402088293633,14.111,29740453.528413646,10100720.130594434,,94.230.157.82
4162,ISP Alliance a.s.,Prague,2018-03-31T22:00:05.790511Z,3.5675402088293633,28.642,21808859.84630392,9861833.846495751,,94.230.157.82
4162,ISP Alliance a.s.,Prague,2018-03-31T22:30:04.315875Z,3.5675402088293633,11.101,21225210.630996104,10179895.102227591,,94.230.157.82
9788,JM-Net z.s.,Prague,2018-03-31T23:00:07.362873Z,3.5675402088293633,11.714,25369968.62737503,10043092.694048999,,94.230.157.82
4424,Nej TV a.s.,Prague,2018-03-31T23:30:02.960658Z,3.5675402088293633,13.292,32098487.007233072,10187691.06094046,,94.230.157.82
4162,ISP Alliance a.s.,Prague,2018-04-01T00:00:06.537764Z,3.5675402088293633,19.651,31780243.1232517,10155905.552682227,,94.230.157.82
4162,ISP Alliance a.s.,Prague,2018-04-01T00:30:03.646287Z,3.5675402088293633,10.68,29685474.35137458,10168860.949782748,,94.230.157.82
4424,Nej TV a.s.,Prague,2018-04-01T01:00:06.044827Z,3.5675402088293633,23.858,29928414.5279905,10011613.49561852,,94.230.157.82
4162,ISP Alliance a.s.,Prague,2018-04-01T01:30:03.996388Z,3.5675402088293633,11.564,25996823.47341009,10045173.14036359,,94.230.157.82
4162,ISP Alliance a.s.,Prague,2018-04-01T02:00:05.505571Z,3.5675402088293633,12.268,29270583.32248352,10176759.108573845,,94.230.157.82
9788,JM-Net z.s.,Prague,2018-04-01T02:30:04.495729Z,3.5675402088293633,13.707,23962126.837356128,10048437.024917785,,94.230.157.82
8223,Webshare.cz,Prague,2018-04-01T03:00:06.978120Z,3.5675402088293633,20.157,12862006.365671517,0.0,,94.230.157.82
4162,ISP Alliance a.s.,Prague,2018-04-01T03:30:02.644649Z,3.5675402088293633,13.704,31226613.03323565,10168581.583475783,,94.230.157.82
9788,JM-Net z.s.,Prague,2018-04-01T04:00:09.619023Z,3.5675402088293633,14.053,32022227.377761688,10203048.569753872,,94.230.157.82
4162,ISP Alliance a.s.,Prague,2018-04-01T04:30:04.275694Z,3.5675402088293633,12.617,26728809.688551843,10147521.07361911,,94.230.157.82
4424,Nej TV a.s.,Prague,2018-04-01T05:00:06.499033Z,3.5675402088293633,18.252,27123100.506587934,10188041.086767823,,94.230.157.82
4424,Nej TV a.s.,Prague,2018-04-01T05:30:03.164829Z,3.5675402088293633,10.873,32842236.173169956,10040352.5575988,,94.230.157.82
4162,ISP Alliance a.s.,Prague,2018-04-01T06:00:04.049447Z,3.5675402088293633,17.363,20799966.70223618,10088933.234330336,,94.230.157.82
4162,ISP Alliance a.s.,Prague,2018-04-01T06:30:03.057563Z,3.5675402088293633,25.056,33689878.20040496,10210578.077464603,,94.230.157.82
9788,JM-Net z.s.,Prague,2018-04-01T07:00:06.491960Z,3.5675402088293633,24.529,23441730.632193785,10037415.738558223,,94.230.157.82
9788,JM-Net z.s.,Prague,2018-04-01T07:30:02.744331Z,3.5675402088293633,28.575,26271070.535563085,8117571.382671923,,94.230.157.82
8223,Webshare.cz,Prague,2018-04-01T08:00:05.784950Z,3.5675402088293633,13.727,11231819.486423869,2004160.9889029267,,94.230.157.82
9788,JM-Net z.s.,Prague,2018-04-01T08:30:02.825236Z,3.5675402088293633,27.985,25211014.7523167,7711755.011430203,,94.230.157.82
9788,JM-Net z.s.,Prague,2018-04-01T09:00:06.290735Z,3.5675402088293633,12.118,26786221.197567247,3621810.6712575024,,94.230.157.82
4162,ISP Alliance a.s.,Prague,2018-04-01T09:30:03.954351Z,3.5675402088293633,12.924,19202263.07358549,10118271.838766027,,94.230.157.82
4424,Nej TV a.s.,Prague,2018-04-01T10:00:06.351979Z,3.5675402088293633,15.264,31440064.222583402,10063751.296286535,,94.230.157.82
4424,Nej TV a.s.,Prague,2018-04-01T10:30:03.436750Z,3.5675402088293633,15.763,24575303.29695627,10143196.001792688,,94.230.157.82
9788,JM-Net z.s.,Prague,2018-04-01T11:00:06.966457Z,3.5675402088293633,15.162,30209897.309654303,10173506.291536586,,94.230.157.82
4162,ISP Alliance a.s.,Prague,2018-04-01T11:30:03.009665Z,3.5675402088293633,14.546,19413617.948683947,10125407.65549166,,94.230.157.82
11181,"NFX, z.s.p.o.",Prague,2018-04-01T12:00:09.147766Z,3.5675402088293633,9.996,26567949.22954257,9535760.334308144,,94.230.157.82
4162,ISP Alliance a.s.,Prague,2018-04-01T12:30:05.716493Z,3.5675402088293633,11.187,13950406.992713151,10058186.648033064,,94.230.157.82
9788,JM-Net z.s.,Prague,2018-04-01T13:00:05.831626Z,3.5675402088293633,13.662,18945774.824151188,10144010.987402825,,94.230.157.82
4162,ISP Alliance a.s.,Prague,2018-04-01T13:30:06.718798Z,3.5675402088293633,13.27,12720582.398562407,10143576.356857046,,94.230.157.82
4162,ISP Alliance a.s.,Prague,2018-04-01T14:00:06.316969Z,3.5675402088293633,19.499,8648079.131139392,10172479.229646843,,94.230.157.82
4162,ISP Alliance a.s.,Prague,2018-04-01T14:30:02.852287Z,3.5675402088293633,17.226,9999941.084386868,10103185.944018165,,94.230.157.82
4162,ISP Alliance a.s.,Prague,2018-04-01T15:00:04.102275Z,3.5675402088293633,10.849,8280627.461546841,9220861.451335415,,94.230.157.82
11181,"NFX, z.s.p.o.",Prague,2018-04-01T15:30:04.013084Z,3.5675402088293633,17.527,3884236.3332726937,10088723.16443529,,94.230.157.82
4162,ISP Alliance a.s.,Prague,2018-04-01T16:00:06.776906Z,3.5675402088293633,12.733,25756222.004882723,9431056.930354498,,94.230.157.82
1841,Vodafone CZ,Prague,2018-04-01T16:30:04.559800Z,3.5675402088293633,35.139,20647534.03646003,9663459.626186209,,94.230.157.82
4162,ISP Alliance a.s.,Prague,2018-04-01T17:00:03.725708Z,3.5675402088293633,13.25,16015101.347256545,9725572.368249377,,94.230.157.82
9788,JM-Net z.s.,Prague,2018-04-01T17:30:04.339247Z,3.5675402088293633,41.37,12024834.648983307,9832569.915835416,,94.230.157.82
9788,JM-Net z.s.,Prague,2018-04-01T18:00:05.522649Z,3.5675402088293633,20.442,16045182.505533114,10047878.98159634,,94.230.157.82
4162,ISP Alliance a.s.,Prague,2018-04-01T18:30:04.943606Z,3.5675402088293633,19.982,8671357.660681205,8040916.733813335,,94.230.157.82
11181,"NFX, z.s.p.o.",Prague,2018-04-01T19:00:06.634417Z,3.5675402088293633,29.521,6733808.162127941,9756255.695200318,,94.230.157.82
1841,Vodafone CZ,Prague,2018-04-01T19:30:03.707170Z,3.5675402088293633,20.264,7440885.875906367,9093975.07866387,,94.230.157.82
9788,JM-Net z.s.,Prague,2018-04-01T20:00:07.250607Z,3.5675402088293633,14.163,19633400.638333496,9373356.693979884,,94.230.157.82
9788,JM-Net z.s.,Prague,2018-04-01T20:30:03.549006Z,3.5675402088293633,11.78,11341244.008800305,10042640.914260922,,94.230.157.82
4162,ISP Alliance a.s.,Prague,2018-04-01T21:00:06.295005Z,3.5675402088293633,14.166,18267560.51156141,10155575.552504942,,94.230.157.82
4162,ISP Alliance a.s.,Prague,2018-04-01T21:30:03.156913Z,3.5675402088293633,18.184,10682417.42004788,10101262.320681121,,94.230.157.82
9788,JM-Net z.s.,Prague,2018-04-01T22:00:06.172049Z,3.5675402088293633,23.12,17150244.288820516,10106263.514841521,,94.230.157.82
11181,"NFX, z.s.p.o.",Prague,2018-04-01T22:30:04.020285Z,3.5675402088293633,14.663,9313062.385269146,10247547.689286279,,94.230.157.82
4162,ISP Alliance a.s.,Prague,2018-04-01T23:00:04.358369Z,3.5675402088293633,18.604,14843090.776564052,9846611.795581352,,94.230.157.82
4162,ISP Alliance a.s.,Prague,2018-04-01T23:30:05.209578Z,3.5675402088293633,11.684,10471417.92067889,10197646.720788201,,94.230.157.82
11181,"NFX, z.s.p.o.",Prague,2018-04-02T00:00:05.526425Z,3.5675402088293633,21.741,2927654.4117591744,10229224.72440931,,94.230.157.82
4424,Nej TV a.s.,Prague,2018-04-02T00:30:03.426443Z,3.5675402088293633,12.203,5462639.205350738,10114013.146711541,,94.230.157.82
9788,JM-Net z.s.,Prague,2018-04-02T01:00:06.327082Z,3.5675402088293633,37.471,11193930.569310952,10046607.547185611,,94.230.157.82
4424,Nej TV a.s.,Prague,2018-04-02T01:30:03.940673Z,3.5675402088293633,16.854,7574424.264350442,8843796.480844356,,94.230.157.82
4424,Nej TV a.s.,Prague,2018-04-02T02:00:05.874814Z,3.5675402088293633,20.3,10093188.945298808,10136420.828178437,,94.230.157.82
4162,ISP Alliance a.s.,Prague,2018-04-02T02:30:03.276118Z,3.5675402088293633,12.434,13892347.117278691,7634897.458029671,,94.230.157.82
4162,ISP Alliance a.s.,Prague,2018-04-02T03:00:06.031467Z,3.5675402088293633,21.19,6444657.396654708,10194248.103791673,,94.230.157.82
9788,JM-Net z.s.,Prague,2018-04-02T03:30:08.406715Z,3.5675402088293633,11.023,13442341.731112942,8868696.398074858,,94.230.157.82
4424,Nej TV a.s.,Prague,2018-04-02T04:00:06.438787Z,3.5675402088293633,12.944,15055932.66770681,10162914.341348384,,94.230.157.82
4162,ISP Alliance a.s.,Prague,2018-04-02T04:30:09.309248Z,3.5675402088293633,42.874,16970844.31129758,9802815.262979515,,94.230.157.82
9788,JM-Net z.s.,Prague,2018-04-02T05:00:08.404665Z,3.5675402088293633,54.944,8196024.645931274,6471151.925953162,,94.230.157.82
9788,JM-Net z.s.,Prague,2018-04-02T05:30:03.386304Z,3.5675402088293633,28.663,6599477.975270485,9843185.537764918,,94.230.157.82
11181,"NFX, z.s.p.o.",Prague,2018-04-02T06:00:05.873868Z,3.5675402088293633,29.665,622001.741205275,9605106.803956933,,94.230.157.82
4424,Nej TV a.s.,Prague,2018-04-02T06:30:03.411649Z,3.5675402088293633,11.202,16551918.702022124,10063932.51621669,,94.230.157.82
4424,Nej TV a.s.,Prague,2018-04-02T07:00:05.700511Z,3.5675402088293633,13.327,11749046.634383198,10164314.404229144,,94.230.157.82
11181,"NFX, z.s.p.o.",Prague,2018-04-02T07:30:02.986569Z,3.5675402088293633,11.814,2364575.109453111,10038323.913894817,,94.230.157.82
9788,JM-Net z.s.,Prague,2018-04-02T08:00:08.644194Z,3.5675402088293633,19.604,9926638.266389247,10145245.792431662,,94.230.157.82
9788,JM-Net z.s.,Prague,2018-04-02T08:30:03.534899Z,3.5675402088293633,18.682,16301362.940109646,9461732.139725327,,94.230.157.82
4162,ISP Alliance a.s.,Prague,2018-04-02T09:00:04.096318Z,3.5675402088293633,11.747,8447931.96909852,9870712.425563935,,94.230.157.82
4162,ISP Alliance a.s.,Prague,2018-04-02T09:30:05.235272Z,3.5675402088293633,11.724,6298086.980279533,10191374.783070982,,94.230.157.82
